match_number,date,home_team,away_team,training_matches,pred_home_goals,pred_away_goals,pred_total_goals,pred_home_corners,pred_away_corners,pred_total_corners,pred_home_cards,pred_away_cards,pred_total_cards,actual_home_goals,actual_away_goals,actual_total_goals,actual_home_corners,actual_away_corners,actual_total_corners,actual_home_cards,actual_away_cards,actual_total_cards,data_quality,market__Cards_Total__Under__7.5,market__Corners_Total__Over__3.5,market__Goals_Total__Under__5.5,market__Cards_Total__Under__6.5,market__Corners_Total__Over__4.5,market__Goals_Total__Over__0.5,market__Goals_Total__Under__4.5,market__Cards_Total__Under__5.5,market__Corners_Total__Under__12.5,market__Corners_Total__Over__5.5,market__Cards_Total__Over__1.5,market__Corners_Total__Under__11.5,market__Corners_Total__Over__6.5,market__Cards_Total__Under__4.5,market__Goals_Total__Under__3.5,market__Corners_Total__Under__10.5,market__Goals_Total__Over__1.5,market__Corners_Total__Over__7.5,market__Cards_Total__Over__2.5,market__Corners_Total__Under__9.5,market__Cards_Total__Under__3.5,market__Goals_Total__Under__2.5,market__Corners_Total__Over__8.5,market__Corners_Total__Under__8.5,market__Goals_Total__Over__2.5,market__Cards_Total__Over__3.5,market__Corners_Total__Over__9.5,market__Cards_Total__Under__2.5,market__Corners_Total__Under__7.5,market__Goals_Total__Under__1.5,market__Corners_Total__Over__10.5,market__Goals_Total__Over__3.5,market__Corners_Total__Under__6.5,market__Cards_Total__Over__4.5,market__Corners_Total__Over__11.5,market__Cards_Total__Under__1.5,market__Corners_Total__Under__5.5,market__Corners_Total__Over__12.5,market__Cards_Total__Over__5.5,market__Goals_Total__Over__4.5,market__Goals_Total__Under__0.5,market__Corners_Total__Under__4.5,market__Cards_Total__Over__6.5,market__Goals_Total__Over__5.5,market__Corners_Total__Under__3.5,market__Cards_Total__Over__7.5,goal_abs_error,corner_abs_error,card_abs_error
11,2026-08-22,Rayo Vallecano,Deportivo Alavés,10,1.9176,0.6612,2.5788,5.5134,3.9196,9.433,1.5278,1.9282,3.456,1.0,2.0,3.0,5.0,5.0,10.0,2.0,1.0,3.0,0.6933333333333334,0.9758,0.9820800000000002,0.95088,0.9409199999999999,0.9544799999999999,0.92444,0.87588,0.86792,0.84372,0.9049200000000001,0.85492,0.75908,0.82676,0.7414000000000001,0.73456,0.6551600000000001,0.73052,0.7225199999999999,0.66092,0.53268,0.5569999999999999,0.51548,0.59684,0.40315999999999996,0.48452,0.44299999999999995,0.46732,0.33908,0.27747999999999995,0.26948,0.3448400000000001,0.26544,0.17323999999999995,0.2586,0.24092,0.14508000000000001,0.09508,0.15628,0.13208000000000003,0.12412000000000001,0.07556,0.04552,0.05908,0.04912,0.017920000000000002,0.0242,0.4211999999999998,0.5670000000000002,0.45599999999999996
12,2026-08-22,Getafe CF,Sevilla FC,11,2.018,0.9082,2.9261999999999997,5.296,3.8318,9.1278,1.69,2.0168,3.7068,0.0,1.0,1.0,3.0,4.0,7.0,3.0,2.0,5.0,0.7066666666666667,0.96284,0.9792399999999999,0.9245200000000001,0.91384,0.9487599999999999,0.9455199999999999,0.8301999999999999,0.8284800000000001,0.86304,0.8932800000000001,0.8856800000000001,0.7876799999999998,0.80688,0.68092,0.66608,0.68852,0.7862800000000001,0.69348,0.7156,0.56428,0.49248,0.44323999999999997,0.56732,0.43268,0.5567600000000001,0.50752,0.43572000000000005,0.2844,0.30652,0.21372,0.31148000000000003,0.33391999999999994,0.19311999999999999,0.31908000000000003,0.21231999999999998,0.11431999999999999,0.10671999999999998,0.13696000000000003,0.17151999999999998,0.16979999999999998,0.054479999999999994,0.051239999999999994,0.08616,0.07548,0.02076,0.03716,1.9261999999999997,2.1278000000000006,1.2932000000000001
13,2026-08-23,Villarreal CF,RCD Espanyol,12,1.7012,0.7594,2.4606,4.9202,3.653,8.5732,1.788,1.845,3.633,1.0,1.0,2.0,6.0,4.0,10.0,2.0,3.0,5.0,0.7200000000000001,0.9659599999999999,0.97252,0.9572799999999998,0.92384,0.9336800000000001,0.9154399999999999,0.89364,0.835,0.8998,0.86032,0.8807999999999998,0.83844,0.75996,0.69384,0.7646,0.7477999999999999,0.7097999999999999,0.63588,0.7070000000000001,0.63212,0.50524,0.5507599999999999,0.49927999999999995,0.50072,0.4492400000000001,0.49476,0.36788,0.293,0.36412,0.2902,0.25220000000000004,0.2354,0.24003999999999998,0.30616000000000004,0.16155999999999998,0.11920000000000001,0.13968000000000003,0.1002,0.16500000000000004,0.10636,0.08456,0.06631999999999999,0.07616,0.042719999999999994,0.027479999999999997,0.03404,0.4605999999999999,1.4268,1.367
14,2026-08-23,Levante UD,RC Deportivo de A Coruña,13,1.864,0.9518,2.8158000000000003,5.2092,3.9972,9.2064,1.6334,1.7568,3.3902,2.0,2.0,4.0,4.0,4.0,8.0,1.0,2.0,3.0,0.7333333333333334,0.9769200000000001,0.9816400000000002,0.9378399999999999,0.9386,0.9508800000000001,0.9398400000000001,0.851,0.86504,0.8636000000000001,0.8951600000000001,0.85308,0.78596,0.8081999999999999,0.73936,0.69708,0.68312,0.76768,0.69688,0.6622399999999999,0.56524,0.5548,0.47304,0.56656,0.43344,0.52696,0.44520000000000004,0.43476,0.33775999999999995,0.30312000000000006,0.23232,0.31688,0.30292,0.19179999999999997,0.26064,0.21404,0.14692,0.10484,0.13640000000000002,0.13496000000000002,0.149,0.06016,0.04912,0.061399999999999996,0.06215999999999999,0.01836,0.02308,1.1841999999999997,1.2064000000000004,0.3902000000000001
15,2026-08-23,Elche CF,FC Barcelona,14,1.5472,1.0076,2.5548,4.934,3.819,8.753,1.9162,1.9226,3.8388,0.0,4.0,4.0,2.0,9.0,11.0,4.0,1.0,5.0,0.7466666666666667,0.9550800000000002,0.97568,0.95696,0.90124,0.9374800000000001,0.92416,0.8860800000000001,0.80308,0.8942,0.87264,0.89496,0.82352,0.77132,0.6514800000000001,0.7493599999999999,0.7301199999999999,0.7211599999999998,0.64848,0.74008,0.61544,0.45788000000000006,0.5368400000000001,0.51544,0.48455999999999994,0.46315999999999996,0.54212,0.38456,0.25992,0.35152,0.27884000000000003,0.26988,0.25064,0.22868,0.34851999999999994,0.17648,0.10504000000000001,0.12736,0.10579999999999998,0.19692,0.11392,0.07583999999999999,0.06251999999999999,0.09876,0.04304,0.024320000000000005,0.04491999999999999,1.4451999999999998,2.247,1.1612
16,2026-08-24,Athletic Club,Real Madrid,15,1.7818,1.0066,2.7884,5.3182,4.266,9.5842,1.7342,1.879,3.6132,0.0,3.0,3.0,4.0,7.0,11.0,3.0,0.0,3.0,0.7600000000000001,0.9691999999999998,0.9865200000000002,0.9356,0.9258400000000002,0.96288,0.9383999999999999,0.8493199999999999,0.84548,0.8312,0.9146,0.87292,0.7455200000000001,0.8400399999999999,0.7072399999999999,0.6960800000000001,0.63976,0.7642,0.7402399999999999,0.69572,0.51716,0.5141600000000001,0.47903999999999997,0.61576,0.38423999999999997,0.5209600000000001,0.48583999999999994,0.48284000000000005,0.30428,0.25976,0.23579999999999998,0.36024,0.30391999999999997,0.15996,0.29276,0.25448,0.12708,0.0854,0.16880000000000003,0.15452000000000002,0.15068,0.0616,0.03712,0.07415999999999999,0.0644,0.01348,0.030799999999999998,0.2115999999999998,1.4158000000000008,0.6132
17,2026-08-24,Real Sociedad,Club Atlético de Madrid,16,1.5054,1.0906,2.596,5.3666,4.232,9.598600000000001,1.6186,1.973,3.5916,1.0,1.0,2.0,5.0,5.0,10.0,2.0,2.0,4.0,0.7733333333333334,0.9711599999999998,0.98576,0.94932,0.93,0.9630399999999999,0.92828,0.87432,0.8486799999999998,0.8253999999999999,0.9178800000000001,0.86948,0.7367200000000002,0.8447599999999998,0.71364,0.72976,0.62776,0.7376800000000001,0.74576,0.6921599999999999,0.50424,0.5222000000000001,0.5094,0.62456,0.3754400000000001,0.49060000000000004,0.47779999999999995,0.4957600000000001,0.30784,0.25424,0.26232,0.37223999999999996,0.27024000000000004,0.15524,0.28636,0.26328,0.13052,0.08212,0.1746,0.15132,0.12568,0.07172,0.03696,0.07,0.05068,0.01424,0.028839999999999998,0.5960000000000001,0.40139999999999887,0.4083999999999999
18,2026-08-25,Málaga CF,Real Club Celta de Vigo,17,1.5398,1.227,2.7668,5.0772,4.6334,9.7106,1.8052,1.8088,3.614,1.0,1.0,2.0,3.0,6.0,9.0,2.0,3.0,5.0,0.7866666666666667,0.96864,0.98708,0.9395200000000001,0.9266,0.9636,0.93604,0.8569200000000001,0.8448,0.82356,0.9188799999999999,0.8761999999999999,0.7338799999999999,0.8467599999999998,0.7071999999999999,0.7021199999999999,0.62528,0.7586400000000001,0.75056,0.6933199999999999,0.49984,0.51772,0.47924,0.63036,0.36963999999999997,0.52076,0.48228000000000004,0.50016,0.30668,0.24944000000000002,0.24136,0.37472,0.29788000000000003,0.15324000000000002,0.2928,0.26612,0.12380000000000001,0.08112,0.17644,0.1552,0.14307999999999998,0.06396,0.0364,0.0734,0.06047999999999999,0.012920000000000001,0.03136,0.7667999999999999,0.7105999999999995,1.3860000000000001
19,2026-08-25,Club Atlético Osasuna,Valencia CF,18,1.3278,1.404,2.7318,4.8474,4.71,9.557400000000001,1.9724,1.6888,3.6612,2.0,0.0,2.0,5.0,4.0,9.0,1.0,2.0,3.0,0.8,0.9668399999999999,0.98616,0.9416399999999999,0.92132,0.961,0.9314399999999999,0.8585600000000001,0.8335600000000001,0.84012,0.91072,0.87668,0.75516,0.8333599999999999,0.69036,0.7066399999999998,0.6502800000000001,0.7558000000000001,0.72788,0.70804,0.52324,0.5028,0.48707999999999996,0.60376,0.39624000000000004,0.51292,0.4972,0.47675999999999996,0.29196,0.27212000000000003,0.24419999999999997,0.34972000000000003,0.29336,0.16663999999999998,0.30964,0.24483999999999995,0.12331999999999999,0.08927999999999998,0.15988,0.16643999999999998,0.14144,0.06856,0.03900000000000001,0.07868,0.058359999999999995,0.013839999999999998,0.03316,0.7317999999999998,0.5574000000000012,0.6612
20,2026-08-25,Real Betis Balompié,Real Racing Club,19,1.187,1.3398,2.5268,4.6682,4.7798,9.448,2.0788,1.7016,3.7804,2.0,0.0,2.0,6.0,3.0,9.0,0.0,2.0,2.0,0.8133333333333335,0.96008,0.98524,0.9569200000000001,0.90864,0.95852,0.9178799999999999,0.8856800000000001,0.81864,0.83792,0.90908,0.8903600000000002,0.75528,0.8303200000000001,0.67096,0.7494399999999999,0.64952,0.7151599999999999,0.72152,0.7262,0.5280400000000001,0.47656,0.5383600000000001,0.6005999999999999,0.39940000000000003,0.46163999999999994,0.52344,0.47196,0.2738,0.27848,0.28484,0.35048,0.25056,0.16968,0.32903999999999994,0.24471999999999997,0.10964,0.09091999999999999,0.16207999999999997,0.18136,0.11431999999999999,0.08212,0.041479999999999996,0.09136,0.04308,0.01476,0.03992,0.5268000000000002,0.4480000000000004,1.7804000000000002
21,2026-08-29,Club Atlético Osasuna,Getafe CF,20,1.4668,0.9916,2.4584,4.9136,4.3464,9.26,1.7038,1.8662,3.5700000000000003,1.0,0.0,1.0,4.0,3.0,7.0,2.0,3.0,5.0,0.8266666666666667,0.9686400000000002,0.98276,0.9596399999999999,0.9254399999999998,0.9529200000000002,0.91472,0.8947600000000001,0.8466800000000001,0.85568,0.90236,0.8733999999999998,0.7778400000000001,0.82056,0.7080399999999999,0.7633200000000001,0.6752400000000001,0.7038800000000001,0.71108,0.69816,0.5548,0.51432,0.55152,0.57772,0.42228,0.44848,0.48568,0.44520000000000004,0.30184,0.28892,0.29612,0.32476000000000005,0.23668000000000006,0.17944000000000002,0.29196,0.22216000000000002,0.1266,0.09763999999999999,0.14432000000000003,0.15332,0.10523999999999999,0.08528000000000001,0.04707999999999999,0.07456,0.04035999999999999,0.017240000000000002,0.03136,1.4584000000000001,2.26,1.4299999999999997
22,2026-08-29,FC Barcelona,Rayo Vallecano,21,1.4396,1.206,2.6456,4.6722,4.3488,9.021,2.0216,1.9586,3.9802,5.0,2.0,7.0,8.0,2.0,10.0,0.0,1.0,1.0,0.8400000000000001,0.9517200000000001,0.9782,0.9405600000000001,0.89236,0.9427599999999999,0.9316,0.8616000000000001,0.7924800000000002,0.8686400000000001,0.88184,0.9007999999999999,0.79896,0.7952400000000001,0.64048,0.7194799999999999,0.70324,0.7482000000000001,0.67636,0.74536,0.58396,0.45136000000000004,0.49912,0.5453600000000001,0.45464000000000004,0.50088,0.54864,0.41603999999999997,0.25464000000000003,0.32364,0.25179999999999997,0.29675999999999997,0.28052000000000005,0.20476,0.35952000000000006,0.20104000000000002,0.0992,0.11816,0.13136,0.20752000000000004,0.1384,0.06839999999999999,0.05723999999999999,0.10764,0.05944,0.0218,0.048279999999999997,4.3544,0.9789999999999992,2.9802
23,2026-08-30,RC Deportivo de A Coruña,Valencia CF,22,1.542,1.08,2.622,4.6668,4.4118,9.078600000000002,1.7928,1.777,3.5698,3.0,1.0,4.0,6.0,4.0,10.0,2.0,3.0,5.0,0.8533333333333334,0.9718800000000001,0.9774799999999999,0.9483999999999999,0.934,0.9457999999999999,0.9248000000000001,0.8724799999999999,0.8560000000000001,0.8740800000000002,0.8867200000000001,0.8643199999999999,0.8005599999999999,0.7950399999999999,0.7225199999999998,0.7287600000000001,0.7013199999999999,0.7309599999999999,0.67844,0.6825999999999999,0.5846399999999999,0.53352,0.51944,0.5461600000000001,0.45384,0.48056,0.46648,0.41536000000000006,0.31739999999999996,0.32156,0.26904,0.29868,0.27124000000000004,0.20496000000000003,0.27748000000000006,0.19943999999999998,0.13568,0.11327999999999999,0.12591999999999998,0.14400000000000002,0.12752,0.07519999999999999,0.054199999999999984,0.066,0.0516,0.022520000000000002,0.02812,1.3780000000000001,0.9213999999999984,1.4302000000000001
24,2026-08-30,Real Madrid,Málaga CF,23,1.4574,0.9344,2.3918,5.3344,4.384,9.718399999999999,1.685,2.1924,3.8774,4.0,0.0,4.0,10.0,1.0,11.0,0.0,2.0,2.0,0.8666666666666667,0.95176,0.98484,0.96156,0.89452,0.96036,0.9080000000000001,0.90152,0.7955600000000002,0.81864,0.9155200000000001,0.8985599999999999,0.7321599999999999,0.8412,0.64116,0.7770400000000001,0.6217199999999999,0.68556,0.74188,0.7499600000000001,0.49855999999999995,0.44868,0.5687599999999999,0.6249999999999999,0.37500000000000006,0.43124000000000007,0.55132,0.5014400000000001,0.25004000000000004,0.25812,0.31444000000000005,0.37828,0.22296,0.1588,0.35884,0.26784,0.10144,0.08447999999999999,0.18136000000000002,0.20443999999999998,0.09848000000000001,0.092,0.03964,0.10547999999999998,0.03844,0.01516,0.04824,1.6082,1.281600000000001,1.8774000000000002
25,2026-08-30,Real Club Celta de Vigo,Athletic Club,24,1.5522,1.363,2.9152,4.88,4.4006,9.2806,1.759,1.6824,3.4414,0.0,2.0,2.0,5.0,6.0,11.0,1.0,2.0,3.0,0.8800000000000001,0.9773999999999999,0.98056,0.9212400000000001,0.9423600000000001,0.9506399999999999,0.94376,0.8282799999999999,0.87224,0.85084,0.8964,0.8498399999999999,0.77248,0.8172400000000001,0.7457600000000001,0.6684399999999999,0.67,0.7855599999999999,0.70856,0.6562399999999999,0.5482800000000001,0.56512,0.44288000000000005,0.58252,0.41747999999999996,0.5571200000000001,0.43488,0.45171999999999995,0.34376000000000007,0.29144,0.21444,0.33,0.33155999999999997,0.18276,0.25424,0.22752000000000003,0.15016000000000002,0.10360000000000001,0.14916,0.12776,0.17172,0.056239999999999984,0.04936000000000001,0.05764,0.07876,0.019440000000000002,0.022600000000000002,0.9152,1.7194000000000003,0.4413999999999998
26,2026-08-31,Sevilla FC,Club Atlético de Madrid,25,1.4638,0.9308,2.3946,4.969,4.1916,9.1606,1.7546,2.0802,3.8348,1.0,3.0,4.0,4.0,6.0,10.0,3.0,1.0,4.0,0.8933333333333334,0.9606399999999998,0.9821599999999999,0.96056,0.91144,0.9529200000000002,0.91628,0.8969600000000001,0.8182799999999999,0.8599600000000001,0.8980399999999998,0.8895200000000001,0.78,0.81528,0.6739600000000001,0.76272,0.68084,0.7052,0.7026,0.7228,0.55972,0.48168,0.55492,0.5716800000000001,0.42832000000000003,0.44508000000000003,0.51832,0.44028,0.2772,0.2974,0.2948,0.31916,0.23728,0.18471999999999997,0.32604,0.22,0.11048,0.10196,0.14004000000000003,0.18172,0.10304,0.08371999999999997,0.047080000000000004,0.08856,0.03944,0.01784,0.03936,1.6054,0.8393999999999995,0.1652
27,2026-08-31,Real Sociedad,RCD Espanyol,26,1.5866,1.0114,2.598,5.5188,3.9542,9.472999999999999,1.5312,2.0738,3.6049999999999995,2.0,1.0,3.0,6.0,5.0,11.0,1.0,3.0,4.0,0.9066666666666667,0.96748,0.9823200000000001,0.9518400000000001,0.9231599999999999,0.9542,0.92164,0.8813199999999999,0.8413200000000001,0.8438,0.9029199999999998,0.8727599999999999,0.7649199999999999,0.82428,0.70296,0.7464799999999999,0.65912,0.72068,0.71616,0.6916000000000001,0.5376,0.51392,0.5292000000000001,0.5931599999999999,0.40684000000000003,0.4707999999999999,0.48607999999999996,0.46240000000000003,0.3084,0.28384000000000004,0.27932,0.34088000000000007,0.25351999999999997,0.17572,0.29704,0.23508000000000004,0.12724,0.09708,0.1562,0.15868000000000002,0.11868000000000001,0.07836,0.045799999999999993,0.07683999999999999,0.04816,0.01768,0.03252,0.40200000000000014,1.527000000000001,0.39500000000000046
28,2026-09-01,Levante UD,Real Betis Balompié,27,1.8746,1.1404,3.015,5.046,4.216,9.262,1.4994,1.831,3.3304,5.0,2.0,7.0,4.0,5.0,9.0,2.0,1.0,3.0,0.9200000000000002,0.97736,0.9815200000000002,0.9175200000000001,0.9457599999999999,0.9497599999999999,0.9491600000000001,0.8171599999999999,0.8792,0.8639199999999999,0.89296,0.8405199999999999,0.78916,0.80688,0.7562400000000001,0.6499199999999999,0.6908799999999999,0.7944,0.69268,0.6414799999999999,0.5688,0.57628,0.42804,0.56228,0.43772000000000005,0.57196,0.42372,0.4312,0.35851999999999995,0.30732,0.20559999999999998,0.30912,0.35008,0.19312,0.24375999999999998,0.21083999999999997,0.15948000000000004,0.10703999999999998,0.13607999999999998,0.12079999999999998,0.18284,0.05084,0.05024000000000001,0.05423999999999998,0.08248000000000001,0.01848,0.022640000000000004,3.985,0.26200000000000045,0.3304
29,2026-09-01,Deportivo Alavés,Villarreal CF,28,1.8326,1.2858,3.1184000000000003,5.1292,4.4638,9.593,1.7764,1.9258,3.7022,1.0,0.0,1.0,5.0,4.0,9.0,2.0,2.0,4.0,0.9333333333333333,0.9646399999999999,0.987,0.8942800000000001,0.91928,0.9621999999999998,0.95644,0.78392,0.82816,0.8247199999999998,0.9171199999999999,0.88384,0.7402,0.8444400000000001,0.6842400000000001,0.60956,0.6308,0.8184800000000001,0.7441199999999999,0.7118800000000001,0.50492,0.49443999999999994,0.38752000000000003,0.62428,0.37572000000000005,0.61248,0.50556,0.49508,0.28812,0.25588,0.18152000000000001,0.3692,0.39044000000000006,0.15556,0.31576,0.25980000000000003,0.11616,0.08287999999999998,0.17528,0.17183999999999996,0.21607999999999997,0.04356000000000001,0.0378,0.08071999999999999,0.10572,0.013000000000000001,0.03536,2.1184000000000003,0.593,0.29780000000000006
30,2026-09-02,Real Racing Club,Elche CF,29,1.8386,1.5346,3.3731999999999998,5.1128,4.9752,10.088000000000001,1.471,1.686,3.157,3.0,2.0,5.0,6.0,3.0,9.0,1.0,3.0,4.0,0.9466666666666668,0.98484,0.98956,0.87016,0.9601199999999999,0.97044,0.9621600000000001,0.7469199999999999,0.90372,0.7842399999999999,0.9332,0.81828,0.68836,0.8721599999999999,0.7970000000000002,0.5651600000000001,0.5764400000000001,0.84416,0.78268,0.59852,0.45244,0.62236,0.35007999999999995,0.6717200000000001,0.32827999999999996,0.64992,0.37764000000000003,0.54756,0.40147999999999995,0.21731999999999999,0.15584,0.42355999999999994,0.43484,0.12783999999999998,0.20299999999999996,0.31164000000000003,0.18172,0.0668,0.21576,0.09627999999999998,0.25307999999999997,0.03784,0.02956,0.03988,0.12984,0.01044,0.01516,1.6268000000000002,1.088000000000001,0.843
31,2026-09-03,Real Sociedad,Real Club Celta de Vigo,30,1.7628,1.2522,3.0149999999999997,5.5996,4.8416,10.441199999999998,1.4554,2.077,3.5324,0.0,0.0,0.0,6.0,4.0,10.0,2.0,3.0,5.0,0.9600000000000001,0.97012,0.9928400000000001,0.9151599999999999,0.9308,0.97852,0.9525199999999999,0.8134000000000001,0.8517600000000001,0.7441599999999999,0.94668,0.86628,0.6405200000000001,0.8942,0.7192399999999999,0.6405200000000001,0.5257200000000001,0.8032400000000002,0.8151999999999998,0.68084,0.40336000000000005,0.531,0.41652,0.7131199999999999,0.2868800000000001,0.58348,0.469,0.5966400000000001,0.31916,0.18479999999999996,0.19676000000000002,0.47428000000000003,0.3594799999999999,0.1058,0.28076,0.3594800000000001,0.13372,0.05332,0.25584,0.14824,0.18659999999999996,0.04748000000000001,0.021480000000000003,0.0692,0.08484,0.0071600000000000006,0.02988,3.0149999999999997,0.4411999999999985,1.4676
32,2026-09-04,Real Betis Balompié,Real Madrid,31,2.0188,1.0752,3.0940000000000003,4.987,4.2168,9.203800000000001,1.6604,1.7218,3.3822,1.0,0.0,1.0,4.0,7.0,11.0,3.0,4.0,7.0,0.9600000000000001,0.9727199999999999,0.9786400000000001,0.8972,0.93596,0.9444399999999998,0.9493599999999998,0.7906,0.8617199999999999,0.86268,0.88268,0.85476,0.78896,0.7930000000000001,0.73316,0.62668,0.69124,0.8084399999999998,0.67732,0.6644,0.57772,0.54992,0.41,0.551,0.449,0.59,0.45008000000000004,0.42228,0.3356,0.32268,0.19156000000000004,0.30876000000000003,0.3733199999999999,0.207,0.26684,0.21104,0.14523999999999998,0.11732,0.13732,0.13828000000000001,0.2094,0.05063999999999999,0.05555999999999999,0.06403999999999999,0.10279999999999999,0.02136,0.027280000000000002,2.0940000000000003,1.796199999999999,3.6178
33,2026-09-05,Athletic Club,Club Atlético de Madrid,32,1.443,1.2244,2.6673999999999998,5.1722,4.5304,9.7026,1.7076,1.9988,3.7064,3.0,0.0,3.0,5.0,4.0,9.0,0.0,1.0,1.0,0.9600000000000001,0.96156,0.9863199999999999,0.9500399999999999,0.9113600000000001,0.9625999999999999,0.9179200000000001,0.8763600000000001,0.82152,0.8211999999999999,0.9195599999999999,0.88876,0.7319599999999999,0.8469200000000001,0.6735999999999999,0.74216,0.62392,0.7186400000000001,0.7487599999999999,0.7232799999999999,0.50132,0.48072000000000004,0.5284800000000001,0.62644,0.37355999999999995,0.47152,0.51928,0.49867999999999996,0.27672,0.25123999999999996,0.28136000000000005,0.37607999999999997,0.25784,0.15308,0.3264000000000001,0.26804,0.11124,0.08043999999999998,0.17880000000000001,0.17848,0.12364000000000001,0.08208,0.0374,0.08864,0.049960000000000004,0.01368,0.03844,0.33260000000000023,0.7026000000000003,2.7064
34,2026-09-05,Rayo Vallecano,Real Racing Club,33,2.1362,1.1836,3.3198,5.5724,4.2002,9.7726,1.3936,2.0078,3.4013999999999998,3.0,2.0,5.0,6.0,5.0,11.0,5.0,2.0,7.0,0.9600000000000001,0.9768399999999999,0.9886400000000001,0.8595200000000002,0.9406000000000002,0.9688,0.9658,0.73216,0.86712,0.8003199999999999,0.92612,0.8462,0.70908,0.8570799999999998,0.74196,0.5494,0.5983999999999999,0.8565200000000001,0.76424,0.65684,0.47495999999999994,0.5611999999999999,0.33476,0.65032,0.34968,0.66524,0.4388,0.5250400000000001,0.34316,0.23575999999999997,0.14348,0.4016,0.45059999999999995,0.14292,0.25804000000000005,0.29092,0.15380000000000002,0.07387999999999999,0.19968000000000002,0.13288,0.26783999999999997,0.0342,0.031200000000000002,0.059399999999999994,0.14048000000000002,0.011360000000000002,0.02316,1.6802000000000001,1.2273999999999994,3.5986000000000002
35,2026-09-05,Villarreal CF,RC Deportivo de A Coruña,34,1.6434,1.2082,2.8516,5.1204,4.2496,9.370000000000001,1.8662,1.9916,3.8578,2.0,3.0,5.0,7.0,4.0,11.0,2.0,2.0,4.0,0.9600000000000001,0.9581599999999999,0.98344,0.9394,0.9044399999999999,0.9556399999999998,0.93768,0.8518800000000002,0.80872,0.8493999999999999,0.9046000000000001,0.8946400000000001,0.76664,0.8264800000000001,0.6616799999999999,0.6974800000000001,0.6602799999999999,0.7679200000000002,0.7185199999999999,0.7336400000000001,0.5358,0.4674400000000001,0.47564,0.5950799999999999,0.40491999999999995,0.52436,0.53256,0.46419999999999995,0.26636000000000004,0.28148,0.23207999999999998,0.33971999999999997,0.30252000000000007,0.17352,0.33832,0.23336,0.10535999999999998,0.09539999999999998,0.1506,0.19128,0.14812,0.06232,0.04436,0.09555999999999999,0.060599999999999994,0.016560000000000002,0.041839999999999995,2.1484,1.629999999999999,0.14219999999999988
36,2026-09-06,Málaga CF,Levante UD,35,2.0134,1.2308,3.2441999999999998,5.6782,4.1044,9.7826,1.5156,1.868,3.3836000000000004,0.0,0.0,0.0,4.0,4.0,8.0,4.0,2.0,6.0,0.9600000000000001,0.9790399999999999,0.98776,0.88244,0.9476400000000001,0.96608,0.9594799999999999,0.7647200000000001,0.88052,0.7968799999999999,0.9276000000000001,0.8442000000000001,0.70736,0.85968,0.75884,0.584,0.59784,0.8368800000000001,0.7659199999999999,0.6433599999999999,0.47476000000000007,0.58092,0.36479999999999996,0.64968,0.35031999999999996,0.6352,0.41907999999999995,0.52524,0.35664,0.23408,0.16312,0.40216,0.41600000000000004,0.14032,0.24115999999999996,0.29264,0.1558,0.07239999999999999,0.20312000000000002,0.11948,0.23528,0.040519999999999994,0.033920000000000006,0.05236,0.11755999999999998,0.01224,0.02096,3.2441999999999998,1.7826000000000004,2.6163999999999996
37,2026-09-06,RCD Espanyol,Sevilla FC,36,1.8478,1.3802,3.228,5.3312,4.4062,9.737400000000001,1.654,1.9836,3.6376,1.0,1.0,2.0,5.0,5.0,10.0,2.0,4.0,6.0,0.9600000000000001,0.96584,0.9888399999999998,0.8974400000000001,0.9218000000000001,0.9662,0.95652,0.7882000000000001,0.8371599999999999,0.809,0.92664,0.878,0.7202799999999999,0.8594399999999999,0.7018,0.61356,0.60484,0.82044,0.76728,0.7092399999999999,0.47968000000000005,0.5049600000000001,0.3932,0.6484399999999999,0.35156,0.6068,0.49504000000000004,0.52032,0.29076,0.23271999999999998,0.17956,0.39515999999999996,0.38644000000000006,0.14056000000000002,0.2982,0.27971999999999997,0.12200000000000001,0.07336,0.19099999999999998,0.16283999999999998,0.21179999999999996,0.04348,0.033800000000000004,0.0782,0.10256,0.011160000000000002,0.03416,1.2280000000000002,0.26259999999999906,2.3624
38,2026-09-06,Valencia CF,FC Barcelona,37,1.7462,1.5818,3.3280000000000003,5.139,4.4768,9.6158,1.9016,1.7868,3.6883999999999997,0.0,5.0,5.0,3.0,9.0,12.0,1.0,3.0,4.0,0.9600000000000001,0.9680399999999999,0.9852399999999999,0.87444,0.92412,0.9603999999999998,0.96304,0.7542799999999998,0.8429599999999999,0.82776,0.9130800000000001,0.8722,0.74076,0.8380399999999999,0.7045599999999999,0.57644,0.6344,0.8382400000000001,0.73776,0.69596,0.51052,0.5164,0.3608,0.61516,0.38483999999999996,0.6392,0.4836,0.48948,0.30404,0.26224000000000003,0.16176,0.36560000000000004,0.42356,0.16196,0.29544,0.25923999999999997,0.1278,0.08691999999999998,0.17223999999999998,0.15704,0.24572,0.03696,0.039599999999999996,0.07587999999999999,0.12556000000000003,0.01476,0.03196,1.6719999999999997,2.3842,0.3116000000000003
39,2026-09-06,Deportivo Alavés,Club Atlético Osasuna,38,1.6672,0.8798,2.547,5.1296,4.339,9.4686,1.8828,2.202,4.0847999999999995,5.0,2.0,7.0,6.0,4.0,10.0,1.0,2.0,3.0,0.9600000000000001,0.9426399999999999,0.9815200000000001,0.95312,0.8793200000000002,0.9522400000000001,0.92008,0.8837199999999998,0.7712799999999999,0.8454000000000002,0.89996,0.9186400000000002,0.7632800000000001,0.82064,0.6095999999999999,0.74724,0.6614,0.7190000000000001,0.7141199999999999,0.77952,0.54116,0.41172000000000003,0.5289200000000001,0.58744,0.41256,0.47107999999999994,0.5882799999999999,0.45884,0.22047999999999998,0.28588,0.281,0.33860000000000007,0.25276,0.17935999999999996,0.39039999999999997,0.23672,0.08136000000000002,0.10004000000000002,0.15460000000000002,0.22871999999999995,0.11628,0.07992,0.04776,0.12068,0.04688,0.01848,0.05736000000000001,4.452999999999999,0.5313999999999997,1.0847999999999995
40,2026-09-07,Getafe CF,Real Club Celta de Vigo,39,1.5682,1.158,2.7262,4.7022,4.8076,9.5098,2.0084,2.2568,4.2652,1.0,1.0,2.0,4.0,5.0,9.0,4.0,2.0,6.0,0.9600000000000001,0.9296000000000001,0.9848399999999999,0.9400399999999999,0.85836,0.9601599999999999,0.92976,0.8589999999999999,0.74264,0.8345199999999998,0.9118800000000001,0.9244,0.7504,0.83568,0.5784400000000001,0.7106,0.6437999999999999,0.74912,0.73236,0.7966799999999998,0.52064,0.3834399999999999,0.4916,0.6091199999999999,0.39088000000000006,0.5084000000000001,0.6165600000000001,0.47936,0.20332000000000006,0.26764,0.25088,0.35620000000000007,0.2894,0.16432,0.42156,0.24960000000000002,0.0756,0.08811999999999999,0.16548,0.25736000000000003,0.14100000000000001,0.07024,0.03984,0.14164,0.05995999999999999,0.01516,0.0704,0.7262,0.5098000000000003,1.7348
41,2026-09-07,Elche CF,Real Sociedad,40,1.6386,0.9306,2.5692,4.7338,4.4378,9.1716,2.1276,2.2682,4.3958,2.0,3.0,5.0,3.0,6.0,9.0,4.0,2.0,6.0,0.9600000000000001,0.91684,0.9815600000000001,0.9543599999999999,0.83632,0.94952,0.9128800000000001,0.8865200000000002,0.7094799999999999,0.86068,0.8930400000000001,0.9344400000000002,0.7843199999999999,0.8088000000000001,0.54412,0.7542800000000001,0.68576,0.7101999999999998,0.6970399999999999,0.81448,0.567,0.35188,0.54492,0.56672,0.43327999999999994,0.45508000000000004,0.64812,0.43300000000000005,0.18552,0.30296,0.28979999999999995,0.31424,0.24572000000000002,0.19119999999999998,0.45587999999999995,0.21568,0.06556000000000001,0.10696,0.13932,0.29052,0.11347999999999998,0.08712,0.05047999999999999,0.16368,0.04564,0.01844,0.08315999999999998,2.4308,0.17159999999999975,1.6041999999999996
42,2026-09-11,Sevilla FC,Valencia CF,41,1.4008,1.675,3.0758,4.8356,5.0272,9.8628,2.0558,2.168,4.223800000000001,1.0,0.0,1.0,6.0,4.0,10.0,1.0,2.0,3.0,0.9600000000000001,0.92536,0.98764,0.9007999999999998,0.85012,0.96584,0.9520000000000001,0.7925999999999999,0.7314,0.81072,0.92228,0.9302799999999999,0.71888,0.8525999999999999,0.5688799999999999,0.6240000000000001,0.6086,0.80524,0.7569200000000003,0.80096,0.48568,0.37932000000000005,0.41184,0.6410000000000001,0.359,0.58816,0.62068,0.51432,0.19904,0.24308,0.19476000000000002,0.3914,0.37599999999999995,0.1474,0.43112,0.28112000000000004,0.06971999999999999,0.07772,0.18927999999999998,0.2686,0.20739999999999997,0.048,0.034159999999999996,0.14988,0.0992,0.012360000000000003,0.07464,2.0758,0.1372,1.2238000000000007
43,2026-09-12,Real Madrid,Rayo Vallecano,42,1.733,1.4876,3.2206,5.673,4.2708,9.9438,1.743,1.942,3.685,4.0,1.0,5.0,9.0,2.0,11.0,0.0,1.0,1.0,0.9600000000000001,0.9619199999999999,0.98776,0.8892,0.9152000000000001,0.9648399999999999,0.95824,0.7732399999999998,0.82512,0.8050800000000001,0.9228000000000001,0.8825200000000001,0.7137200000000001,0.8506800000000001,0.6827599999999999,0.594,0.6052,0.82564,0.7592800000000001,0.7139200000000001,0.48444000000000004,0.4907999999999999,0.37699999999999995,0.6423599999999999,0.35763999999999996,0.623,0.5092,0.51556,0.28608000000000006,0.24072000000000002,0.17436,0.39480000000000004,0.4060000000000001,0.14932,0.31724,0.28628000000000003,0.11747999999999999,0.07719999999999999,0.19491999999999998,0.17488,0.22676,0.04176,0.03516,0.0848,0.1108,0.012240000000000003,0.038079999999999996,1.7793999999999999,1.0562000000000005,2.685
44,2026-09-12,Real Racing Club,Deportivo Alavés,43,2.121,1.17,3.291,5.3732,4.3734,9.7466,1.9866,1.932,3.9185999999999996,2.0,1.0,3.0,5.0,5.0,10.0,3.0,3.0,6.0,0.9600000000000001,0.95052,0.9863199999999999,0.8710000000000001,0.8955200000000001,0.9651199999999999,0.9625999999999999,0.7507999999999998,0.8000799999999999,0.81584,0.9229999999999999,0.89536,0.72572,0.8538,0.6497999999999999,0.56976,0.61608,0.84272,0.7560400000000002,0.74452,0.48824000000000006,0.46092,0.3528800000000001,0.6367200000000001,0.36327999999999994,0.6471199999999999,0.53908,0.51176,0.25548000000000004,0.24396,0.15728,0.38392000000000004,0.43024,0.14620000000000002,0.3502,0.27428,0.10464000000000001,0.077,0.18416,0.19992000000000001,0.24919999999999998,0.0374,0.03488,0.10447999999999999,0.129,0.013680000000000001,0.049479999999999996,0.2909999999999999,0.2533999999999992,2.0814000000000004
45,2026-09-12,Club Atlético Osasuna,RCD Espanyol,44,2.0486,1.0308,3.0793999999999997,5.1034,4.3408,9.444199999999999,1.6868,2.5454,4.2322,0.0,2.0,2.0,4.0,7.0,11.0,2.0,3.0,5.0,0.9600000000000001,0.9373600000000001,0.9847999999999999,0.8915599999999999,0.8719600000000001,0.9575199999999999,0.9551999999999999,0.782,0.76228,0.83988,0.9087999999999999,0.92332,0.7532799999999998,0.82916,0.60112,0.60576,0.64976,0.82296,0.7255600000000001,0.7873600000000001,0.5296400000000001,0.4028399999999999,0.38988,0.6000800000000001,0.39992000000000005,0.61012,0.59716,0.47035999999999994,0.21264,0.27444,0.17704,0.35024,0.39424,0.17084,0.39887999999999996,0.24672,0.07668,0.09119999999999999,0.16012,0.23772000000000001,0.21799999999999997,0.044800000000000006,0.042480000000000004,0.12804000000000001,0.10844000000000001,0.0152,0.06263999999999999,1.0793999999999997,1.5558000000000014,0.7678000000000003
46,2026-09-12,Athletic Club,Elche CF,45,1.62,1.8482,3.4682000000000004,5.1214,4.9778,10.0992,1.5734,1.9804,3.5538,1.0,1.0,2.0,8.0,3.0,11.0,3.0,3.0,6.0,0.9600000000000001,0.9669999999999999,0.9897999999999999,0.8483999999999999,0.9239999999999999,0.9701199999999999,0.9680000000000001,0.71792,0.8430400000000001,0.78424,0.9306800000000002,0.8697600000000001,0.6859199999999999,0.8682799999999999,0.7103999999999999,0.53388,0.57536,0.85956,0.7789199999999998,0.6860000000000003,0.4544,0.5252000000000001,0.32464,0.6700399999999999,0.32996000000000003,0.67536,0.47479999999999994,0.5456,0.314,0.22107999999999997,0.14043999999999998,0.42463999999999996,0.4661199999999999,0.13171999999999998,0.2896,0.31408,0.13024,0.06932,0.21576000000000004,0.15696,0.28208,0.032,0.02988,0.07600000000000001,0.1516,0.0102,0.033,1.4682000000000004,0.9008000000000003,2.4462
47,2026-09-13,Levante UD,FC Barcelona,46,2.0426,2.0572,4.0998,4.7888,5.0432,9.832,1.9686,1.993,3.9616,2.0,4.0,6.0,3.0,8.0,11.0,1.0,1.0,2.0,0.9600000000000001,0.94568,0.9852399999999999,0.7438800000000001,0.8864799999999999,0.9620799999999999,0.98452,0.58164,0.78488,0.79968,0.92,0.9077600000000001,0.7109599999999999,0.85256,0.62924,0.3929200000000001,0.6013199999999999,0.91888,0.7636,0.7605600000000001,0.47791999999999996,0.43263999999999997,0.21167999999999998,0.64656,0.35344000000000003,0.7883199999999999,0.5673600000000001,0.5220800000000001,0.23944,0.23639999999999997,0.08112,0.39868000000000003,0.60708,0.14744,0.37076,0.28904,0.09224,0.08,0.20032,0.21511999999999998,0.41836,0.01548,0.03792,0.11351999999999998,0.25612,0.01476,0.054320000000000014,1.9002,1.1679999999999993,1.9615999999999998
48,2026-09-13,Getafe CF,RC Deportivo de A Coruña,47,1.5148,1.5324,3.0472,4.5998,4.3414,8.9412,2.2618,2.1034,4.3652,1.0,1.0,2.0,4.0,4.0,8.0,3.0,1.0,4.0,0.9600000000000001,0.9261199999999999,0.9782799999999999,0.9048,0.85264,0.94368,0.95356,0.79828,0.7293600000000001,0.8752800000000001,0.8819199999999999,0.92664,0.80308,0.7904399999999999,0.56324,0.62788,0.7046000000000001,0.8105199999999999,0.6753199999999999,0.8028799999999998,0.5898800000000001,0.37251999999999996,0.40747999999999995,0.54408,0.45592000000000005,0.59252,0.62748,0.41011999999999993,0.19711999999999996,0.32468,0.18948000000000004,0.2954,0.3721200000000001,0.20956,0.4367600000000001,0.19692,0.07336,0.11808,0.12472000000000001,0.27064000000000005,0.20171999999999998,0.046439999999999995,0.05631999999999999,0.14736000000000002,0.09519999999999998,0.021720000000000003,0.07388,1.0472000000000001,0.9412000000000003,0.36519999999999975
49,2026-09-13,Real Club Celta de Vigo,Málaga CF,48,1.1584,0.8414,1.9998,4.891,4.0726,8.9636,2.094,2.2782,4.372199999999999,1.0,1.0,2.0,5.0,4.0,9.0,1.0,1.0,2.0,0.9600000000000001,0.9217200000000001,0.97568,0.9851599999999999,0.8428,0.9398400000000001,0.8607999999999998,0.95112,0.7216400000000001,0.8742399999999999,0.8775600000000001,0.92916,0.8030400000000002,0.7815199999999999,0.5595600000000001,0.8599599999999998,0.71232,0.58484,0.66404,0.8057599999999999,0.59616,0.36704000000000003,0.6837200000000001,0.53276,0.46724000000000004,0.31628,0.63296,0.4038399999999999,0.19424,0.33596000000000004,0.4151599999999999,0.28768,0.14004000000000003,0.21847999999999995,0.44044000000000005,0.19695999999999997,0.07084,0.12243999999999998,0.12576,0.27836,0.04888,0.13920000000000002,0.06016,0.15719999999999998,0.014839999999999999,0.024320000000000005,0.07827999999999999,0.00019999999999997797,0.03640000000000043,2.3721999999999994
50,2026-09-13,Real Sociedad,Club Atlético de Madrid,49,1.5378,1.1622,2.7,5.2746,4.4998,9.7744,1.8916,1.9148,3.8064,0.0,3.0,3.0,6.0,5.0,11.0,2.0,1.0,3.0,0.9600000000000001,0.96096,0.9883599999999998,0.9420000000000001,0.91116,0.9666800000000001,0.9253599999999998,0.8668,0.81872,0.80292,0.9248000000000001,0.8862000000000002,0.71512,0.85768,0.6734399999999999,0.72736,0.6020000000000001,0.73372,0.7623199999999999,0.7193600000000001,0.47924,0.48536,0.512,0.64912,0.35088,0.48800000000000004,0.51464,0.52076,0.28064,0.23767999999999997,0.26628,0.398,0.27264,0.14232,0.3265600000000001,0.28488,0.11380000000000001,0.07519999999999999,0.19707999999999998,0.18128,0.13319999999999999,0.07464,0.03332,0.08884000000000002,0.05799999999999999,0.011640000000000001,0.039040000000000005,0.2999999999999998,1.2256,0.8064
