date,home_team,away_team,pred_total_goals,actual_total_goals,pred_total_corners,actual_total_corners,pred_total_cards,actual_total_cards
2026-08-18,Real Club Celta de Vigo,Club Atlético Osasuna,2.875,2,9.25,10,3.375,4
2026-08-18,Valencia CF,Real Betis Balompié,2.7777777777777777,2,9.333333333333332,9,3.4444444444444446,4
2026-08-22,Rayo Vallecano,Deportivo Alavés,2.7,3,9.3,10,3.5,3
2026-08-22,Getafe CF,Sevilla FC,2.727272727272727,1,9.363636363636363,7,3.4545454545454546,5
2026-08-23,Villarreal CF,RCD Espanyol,2.5833333333333335,2,9.166666666666668,10,3.583333333333333,5
2026-08-23,Levante UD,RC Deportivo de A Coruña,2.5384615384615383,4,9.23076923076923,8,3.6923076923076925,3
2026-08-23,Elche CF,FC Barcelona,2.642857142857143,4,9.142857142857142,11,3.642857142857143,5
2026-08-24,Athletic Club,Real Madrid,2.7333333333333334,3,9.266666666666666,11,3.7333333333333334,3
2026-08-24,Real Sociedad,Club Atlético de Madrid,2.75,2,9.375,10,3.6875,4
2026-08-25,Málaga CF,Real Club Celta de Vigo,2.7058823529411766,2,9.411764705882353,9,3.7058823529411766,5
2026-08-25,Club Atlético Osasuna,Valencia CF,2.6666666666666665,2,9.38888888888889,9,3.7777777777777777,3
2026-08-25,Real Betis Balompié,Real Racing Club,2.6315789473684212,2,9.368421052631579,9,3.7368421052631575,2
2026-08-29,Club Atlético Osasuna,Getafe CF,2.5999999999999996,1,9.35,7,3.6500000000000004,5
2026-08-29,FC Barcelona,Rayo Vallecano,2.5238095238095237,7,9.238095238095237,10,3.7142857142857144,1
2026-08-30,RC Deportivo de A Coruña,Valencia CF,2.7272727272727275,4,9.272727272727273,10,3.590909090909091,5
2026-08-30,Real Madrid,Málaga CF,2.782608695652174,4,9.304347826086957,11,3.6521739130434785,2
2026-08-30,Real Club Celta de Vigo,Athletic Club,2.833333333333333,2,9.375,11,3.5833333333333335,3
2026-08-31,Sevilla FC,Club Atlético de Madrid,2.8,4,9.440000000000001,10,3.5599999999999996,4
2026-08-31,Real Sociedad,RCD Espanyol,2.846153846153846,3,9.461538461538462,11,3.5769230769230766,4
2026-09-01,Levante UD,Real Betis Balompié,2.851851851851852,7,9.518518518518519,9,3.5925925925925926,3
2026-09-01,Deportivo Alavés,Villarreal CF,3.0,1,9.5,9,3.571428571428571,4
2026-09-02,Real Racing Club,Elche CF,2.9310344827586206,5,9.482758620689655,9,3.586206896551724,4
2026-09-03,Real Sociedad,Real Club Celta de Vigo,3.0,0,9.466666666666667,10,3.6,5
2026-09-04,Real Betis Balompié,Real Madrid,2.903225806451613,1,9.483870967741936,11,3.645161290322581,7
2026-09-05,Athletic Club,Club Atlético de Madrid,2.84375,3,9.53125,9,3.75,1
2026-09-05,Rayo Vallecano,Real Racing Club,2.8484848484848486,5,9.515151515151516,11,3.666666666666667,7
2026-09-05,Villarreal CF,RC Deportivo de A Coruña,2.9117647058823533,5,9.558823529411764,11,3.764705882352941,4
2026-09-06,Málaga CF,Levante UD,2.9714285714285715,0,9.6,8,3.7714285714285714,6
2026-09-06,RCD Espanyol,Sevilla FC,2.888888888888889,2,9.555555555555555,10,3.833333333333333,6
2026-09-06,Valencia CF,FC Barcelona,2.864864864864865,5,9.567567567567568,12,3.891891891891892,4
2026-09-06,Deportivo Alavés,Club Atlético Osasuna,2.9210526315789473,7,9.631578947368421,10,3.8947368421052633,3
2026-09-07,Getafe CF,Real Club Celta de Vigo,3.0256410256410255,2,9.641025641025642,9,3.8717948717948723,6
2026-09-07,Elche CF,Real Sociedad,3.0,5,9.625,9,3.9250000000000003,6
2026-09-11,Sevilla FC,Valencia CF,3.048780487804878,1,9.609756097560975,10,3.975609756097561,3
2026-09-12,Real Madrid,Rayo Vallecano,3.0,5,9.619047619047619,11,3.9523809523809526,1
2026-09-12,Real Racing Club,Deportivo Alavés,3.046511627906977,3,9.651162790697676,10,3.883720930232558,6
2026-09-12,Club Atlético Osasuna,RCD Espanyol,3.0454545454545454,2,9.65909090909091,11,3.9318181818181817,5
2026-09-12,Athletic Club,Elche CF,3.022222222222222,2,9.68888888888889,11,3.9555555555555557,6
2026-09-13,Levante UD,FC Barcelona,3.0,6,9.717391304347826,11,4.0,2
2026-09-13,Getafe CF,RC Deportivo de A Coruña,3.0638297872340425,2,9.74468085106383,8,3.9574468085106385,4
2026-09-13,Real Club Celta de Vigo,Málaga CF,3.041666666666667,2,9.708333333333332,9,3.958333333333333,2
2026-09-13,Real Sociedad,Club Atlético de Madrid,3.020408163265306,3,9.693877551020408,11,3.9183673469387754,3
