date,home_team,away_team,home_goals,away_goals,home_corners,away_corners,home_cards,away_cards
2026-08-15,Deportivo Alavés,Getafe CF,3,0,5,4,2,2
2026-08-15,Sevilla FC,Rayo Vallecano,2,1,6,3,1,3
2026-08-16,Real Racing Club,Villarreal CF,2,2,4,6,2,1
2026-08-16,RCD Espanyol,Levante UD,3,0,5,2,1,2
2026-08-16,RC Deportivo de A Coruña,Elche CF,1,1,4,4,3,1
2026-08-17,FC Barcelona,Athletic Club,3,1,7,3,1,2
2026-08-17,Real Madrid,Real Sociedad,2,0,8,4,0,2
2026-08-18,Club Atlético de Madrid,Málaga CF,2,0,6,3,1,3
2026-08-18,Real Club Celta de Vigo,Club Atlético Osasuna,1,1,5,5,2,2
2026-08-18,Valencia CF,Real Betis Balompié,0,2,4,5,3,1
2026-08-22,Getafe CF,Sevilla FC,0,1,3,4,3,2
2026-08-22,Rayo Vallecano,Deportivo Alavés,1,2,5,5,2,1
2026-08-23,Villarreal CF,RCD Espanyol,1,1,6,4,2,3
2026-08-23,Levante UD,RC Deportivo de A Coruña,2,2,4,4,1,2
2026-08-23,Elche CF,FC Barcelona,0,4,2,9,4,1
2026-08-24,Athletic Club,Real Madrid,0,3,4,7,3,0
2026-08-24,Real Sociedad,Club Atlético de Madrid,1,1,5,5,2,2
2026-08-25,Málaga CF,Real Club Celta de Vigo,1,1,3,6,2,3
2026-08-25,Club Atlético Osasuna,Valencia CF,2,0,5,4,1,2
2026-08-25,Real Betis Balompié,Real Racing Club,2,0,6,3,0,2
2026-08-29,FC Barcelona,Rayo Vallecano,5,2,8,2,0,1
2026-08-29,Club Atlético Osasuna,Getafe CF,1,0,4,3,2,3
2026-08-30,Real Club Celta de Vigo,Athletic Club,0,2,5,6,1,2
2026-08-30,RC Deportivo de A Coruña,Valencia CF,3,1,6,4,2,3
2026-08-30,Real Madrid,Málaga CF,4,0,10,1,0,2
2026-08-31,Sevilla FC,Club Atlético de Madrid,1,3,4,6,3,1
2026-08-31,Real Sociedad,RCD Espanyol,2,1,6,5,1,3
2026-09-01,Levante UD,Real Betis Balompié,5,2,4,5,2,1
2026-09-01,Deportivo Alavés,Villarreal CF,1,0,5,4,2,2
2026-09-02,Real Racing Club,Elche CF,3,2,6,3,1,3
2026-09-03,Real Sociedad,Real Club Celta de Vigo,0,0,6,4,2,3
2026-09-04,Real Betis Balompié,Real Madrid,1,0,4,7,3,4
2026-09-05,Athletic Club,Club Atlético de Madrid,3,0,5,4,0,1
2026-09-05,Rayo Vallecano,Real Racing Club,3,2,6,5,5,2
2026-09-05,Villarreal CF,RC Deportivo de A Coruña,2,3,7,4,2,2
2026-09-06,Valencia CF,FC Barcelona,0,5,3,9,1,3
2026-09-06,Málaga CF,Levante UD,0,0,4,4,4,2
2026-09-06,Deportivo Alavés,Club Atlético Osasuna,5,2,6,4,1,2
2026-09-06,RCD Espanyol,Sevilla FC,1,1,5,5,2,4
2026-09-07,Getafe CF,Real Club Celta de Vigo,1,1,4,5,4,2
2026-09-07,Elche CF,Real Sociedad,2,3,3,6,4,2
2026-09-11,Sevilla FC,Valencia CF,1,0,6,4,1,2
2026-09-12,Real Racing Club,Deportivo Alavés,2,1,5,5,3,3
2026-09-12,Club Atlético Osasuna,RCD Espanyol,0,2,4,7,2,3
2026-09-12,Athletic Club,Elche CF,1,1,8,3,3,3
2026-09-12,Real Madrid,Rayo Vallecano,4,1,9,2,0,1
2026-09-13,Real Club Celta de Vigo,Málaga CF,1,1,5,4,1,1
2026-09-13,Levante UD,FC Barcelona,2,4,3,8,1,1
2026-09-13,Getafe CF,RC Deportivo de A Coruña,1,1,4,4,3,1
2026-09-13,Real Sociedad,Club Atlético de Madrid,0,3,6,5,2,1
